Date and time [dd.MM.yyyy],Energy per inverter [kWh] | Symo 6.0-3-M (1),Energy per inverter per kWp [kWh/kWp] | Symo 6.0-3-M (1),Total system [kWh]
01.01.2025,17.37201,2.71226,17.37201
02.01.2025,5.03373,0.78591,5.03373
03.01.2025,0.71233,0.11121,0.71233
04.01.2025,5.63838,0.88031,5.63838
05.01.2025,2.06604,0.32257,2.06604
06.01.2025,9.52447,1.48704,9.52447
07.01.2025,12.28555,1.91812,12.28555
08.01.2025,2.49628,0.38974,2.49628
09.01.2025,9.08546,1.41849,9.08546
10.01.2025,3.98509,0.62218,3.98509
11.01.2025,19.08238,2.97929,19.08238
12.01.2025,20.10160,3.13842,20.10160
13.01.2025,22.98230,3.58818,22.98230
14.01.2025,20.67836,3.22847,20.67836
15.01.2025,11.81387,1.84448,11.81387
16.01.2025,21.52344,3.36041,21.52344
17.01.2025,18.59563,2.90330,18.59563
18.01.2025,17.97492,2.80639,17.97492
19.01.2025,9.52560,1.48721,9.52560
20.01.2025,2.18071,0.34047,2.18071
21.01.2025,5.40503,0.84388,5.40503
22.01.2025,4.13549,0.64567,4.13549
23.01.2025,3.17488,0.49569,3.17488
24.01.2025,16.22038,2.53246,16.22038
25.01.2025,18.40846,2.87408,18.40846
26.01.2025,21.96751,3.42974,21.96751
27.01.2025,9.36067,1.46146,9.36067
28.01.2025,3.40296,0.53130,3.40296
29.01.2025,15.55439,2.42848,15.55439
30.01.2025,14.26517,2.22719,14.26517
31.01.2025,3.42782,0.53518,3.42782
01.02.2025,1.83164,0.28597,1.83164
02.02.2025,3.20609,0.50056,3.20609
03.02.2025,21.36652,3.33591,21.36652
04.02.2025,26.67248,4.16432,26.67248
05.02.2025,4.74377,0.74064,4.74377
06.02.2025,2.93124,0.45765,2.93124
07.02.2025,20.90526,3.26390,20.90526
08.02.2025,12.75162,1.99089,12.75162
09.02.2025,8.83363,1.37918,8.83363
10.02.2025,14.93864,2.33234,14.93864
11.02.2025,6.68778,1.04415,6.68778
12.02.2025,10.98655,1.71531,10.98655
13.02.2025,1.56876,0.24493,1.56876
14.02.2025,0.00698,0.00109,0.00698
15.02.2025,15.46285,2.41418,15.46285
16.02.2025,12.06428,1.88357,12.06428
17.02.2025,7.25550,1.13279,7.25550
18.02.2025,21.64124,3.37880,21.64124
19.02.2025,20.85214,3.25560,20.85214
20.02.2025,8.95867,1.39870,8.95867
21.02.2025,28.36311,4.42828,28.36311
22.02.2025,16.95462,2.64709,16.95462
23.02.2025,5.68241,0.88718,5.68241
24.02.2025,11.77571,1.83852,11.77571
25.02.2025,6.35112,0.99159,6.35112
26.02.2025,2.99352,0.46737,2.99352
27.02.2025,4.06186,0.63417,4.06186
28.02.2025,17.60815,2.74913,17.60815
01.03.2025,14.05569,2.19449,14.05569
02.03.2025,32.29124,5.04157,32.29124
03.03.2025,33.66656,5.25629,33.66656
04.03.2025,33.54259,5.23694,33.54259
05.03.2025,33.14578,5.17499,33.14578
06.03.2025,32.19069,5.02587,32.19069
07.03.2025,33.24581,5.19060,33.24581
08.03.2025,33.28918,5.19737,33.28918
09.03.2025,31.24757,4.87862,31.24757
10.03.2025,9.86561,1.54030,9.86561
11.03.2025,25.95878,4.05289,25.95878
12.03.2025,6.94705,1.08463,6.94705
13.03.2025,5.58698,0.87228,5.58698
14.03.2025,7.46990,1.16626,7.46990
15.03.2025,4.93856,0.77105,4.93856
16.03.2025,6.49626,1.01425,6.49626
17.03.2025,21.60827,3.37366,21.60827
18.03.2025,36.35528,5.67608,36.35528
19.03.2025,36.86691,5.75596,36.86691
20.03.2025,33.45274,5.22291,33.45274
21.03.2025,18.53454,2.89376,18.53454
22.03.2025,31.26931,4.88202,31.26931
23.03.2025,22.36999,3.49258,22.36999
24.03.2025,19.20832,2.99896,19.20832
25.03.2025,14.01571,2.18825,14.01571
26.03.2025,4.40313,0.68745,4.40313
27.03.2025,31.47582,4.91426,31.47582
28.03.2025,10.41828,1.62659,10.41828
29.03.2025,4.37587,0.68320,4.37587
30.03.2025,29.00911,4.52914,29.00911
31.03.2025,9.52134,1.48655,9.52134
01.04.2025,31.14437,4.86251,31.14437
02.04.2025,36.35726,5.67639,36.35726
03.04.2025,37.02770,5.78106,37.02770
04.04.2025,37.13330,5.79755,37.13330
05.04.2025,37.19550,5.80726,37.19550
06.04.2025,38.39716,5.99487,38.39716
07.04.2025,39.12305,6.10820,39.12305
08.04.2025,38.30963,5.98121,38.30963
09.04.2025,36.62534,5.71824,36.62534
10.04.2025,38.06773,5.94344,38.06773
11.04.2025,38.06810,5.94350,38.06810
12.04.2025,30.61659,4.78011,30.61659
13.04.2025,19.47834,3.04112,19.47834
14.04.2025,28.98236,4.52496,28.98236
15.04.2025,25.36364,3.95998,25.36364
16.04.2025,19.07712,2.97847,19.07712
17.04.2025,8.21211,1.28214,8.21211
18.04.2025,14.90714,2.32742,14.90714
19.04.2025,37.85109,5.90962,37.85109
20.04.2025,16.36278,2.55469,16.36278
21.04.2025,28.92769,4.51642,28.92769
22.04.2025,29.00401,4.52834,29.00401
23.04.2025,33.28983,5.19747,33.28983
24.04.2025,14.49298,2.26276,14.49298
25.04.2025,16.84487,2.62996,16.84487
26.04.2025,39.07106,6.10009,39.07106
27.04.2025,28.32950,4.42303,28.32950
28.04.2025,34.77654,5.42959,34.77654
29.04.2025,37.17869,5.80464,37.17869
30.04.2025,38.83044,6.06252,38.83044
01.05.2025,38.29409,5.97878,38.29409
02.05.2025,37.89326,5.91620,37.89326
03.05.2025,11.71849,1.82958,11.71849
04.05.2025,15.24376,2.37998,15.24376
05.05.2025,7.35519,1.14835,7.35519
06.05.2025,10.19564,1.59182,10.19564
07.05.2025,10.53441,1.64472,10.53441
08.05.2025,15.47302,2.41577,15.47302
09.05.2025,14.55439,2.27235,14.55439
10.05.2025,40.09416,6.25982,40.09416
11.05.2025,36.49156,5.69736,36.49156
12.05.2025,27.18358,4.24412,27.18358
13.05.2025,26.33563,4.11173,26.33563
14.05.2025,39.87543,6.22567,39.87543
15.05.2025,23.31315,3.63984,23.31315
16.05.2025,34.19811,5.33928,34.19811
17.05.2025,28.81574,4.49894,28.81574
18.05.2025,39.87640,6.22582,39.87640
19.05.2025,34.84013,5.43952,34.84013
20.05.2025,20.84954,3.25520,20.84954
21.05.2025,15.09960,2.35747,15.09960
22.05.2025,6.78218,1.05889,6.78218
23.05.2025,18.76546,2.92981,18.76546
24.05.2025,37.22500,5.81187,37.22500
25.05.2025,13.09787,2.04495,13.09787
26.05.2025,9.18376,1.43384,9.18376
27.05.2025,23.46023,3.66280,23.46023
28.05.2025,8.40779,1.31269,8.40779
29.05.2025,30.23210,4.72008,30.23210
30.05.2025,39.29275,6.13470,39.29275
31.05.2025,37.83958,5.90782,37.83958
01.06.2025,33.50790,5.23152,33.50790
02.06.2025,13.88490,2.16782,13.88490
03.06.2025,29.00087,4.52785,29.00087
04.06.2025,23.10785,3.60778,23.10785
05.06.2025,11.37463,1.77590,11.37463
06.06.2025,28.68493,4.47852,28.68493
07.06.2025,15.92406,2.48619,15.92406
08.06.2025,13.35175,2.08458,13.35175
09.06.2025,38.44146,6.00179,38.44146
10.06.2025,34.62360,5.40571,34.62360
11.06.2025,37.22955,5.81258,37.22955
12.06.2025,37.73702,5.89181,37.73702
13.06.2025,36.59316,5.71322,36.59316
14.06.2025,32.50085,5.07429,32.50085
15.06.2025,26.94370,4.20667,26.94370
16.06.2025,36.23222,5.65686,36.23222
17.06.2025,37.39403,5.83826,37.39403
18.06.2025,37.14091,5.79874,37.14091
19.06.2025,37.13428,5.79770,37.13428
20.06.2025,37.13620,5.79800,37.13620
21.06.2025,36.88855,5.75934,36.88855
22.06.2025,37.37963,5.83601,37.37963
23.06.2025,22.9710,3.58642,22.9710
24.06.2025,37.78705,5.89962,37.78705
25.06.2025,36.52408,5.70243,36.52408
26.06.2025,13.15788,2.05431,13.15788
27.06.2025,30.98891,4.83824,30.98891
28.06.2025,37.26895,5.81873,37.26895
29.06.2025,36.86116,5.75506,36.86116
30.06.2025,28.18755,4.40087,28.18755
01.07.2025,33.59159,5.24459,33.59159
02.07.2025,34.74730,5.42503,34.74730
03.07.2025,28.40863,4.43538,28.40863
04.07.2025,24.83567,3.87754,24.83567
05.07.2025,34.74281,5.42433,34.74281
06.07.2025,15.85832,2.47593,15.85832
07.07.2025,10.37118,1.61923,10.37118
08.07.2025,16.41468,2.56279,16.41468
09.07.2025,33.70830,5.26281,33.70830
10.07.2025,35.36231,5.52105,35.36231
11.07.2025,32.64921,5.09746,32.64921
12.07.2025,36.00068,5.62072,36.00068
13.07.2025,31.83568,4.97044,31.83568
14.07.2025,21.27830,3.32214,21.27830
15.07.2025,16.39205,2.55926,16.39205
16.07.2025,14.09593,2.20077,14.09593
17.07.2025,31.13311,4.86075,31.13311
18.07.2025,36.10858,5.63756,36.10858
19.07.2025,22.50206,3.51320,22.50206
20.07.2025,28.32548,4.42240,28.32548
21.07.2025,22.64096,3.53489,22.64096
22.07.2025,23.42553,3.65738,23.42553
23.07.2025,19.68442,3.07329,19.68442
24.07.2025,17.70328,2.76398,17.70328
25.07.2025,24.79869,3.87177,24.79869
26.07.2025,8.21603,1.28275,8.21603
27.07.2025,18.62229,2.90746,18.62229
28.07.2025,6.46591,1.00951,6.46591
29.07.2025,23.46471,3.66350,23.46471
30.07.2025,23.10902,3.60797,23.10902
31.07.2025,22.99053,3.58947,22.99053
01.08.2025,23.37864,3.65006,23.37864
02.08.2025,11.16036,1.74244,11.16036
03.08.2025,25.44264,3.97231,25.44264
04.08.2025,17.01538,2.65658,17.01538
05.08.2025,23.29360,3.63678,23.29360
06.08.2025,30.88891,4.82262,30.88891
07.08.2025,34.96178,5.45851,34.96178
08.08.2025,34.99535,5.46375,34.99535
09.08.2025,34.34009,5.36145,34.34009
10.08.2025,34.66546,5.41225,34.66546
11.08.2025,34.17377,5.33548,34.17377
12.08.2025,33.21061,5.18511,33.21061
13.08.2025,31.99370,4.99511,31.99370
14.08.2025,32.66561,5.10002,32.66561
15.08.2025,31.09317,4.85451,31.09317
16.08.2025,23.97871,3.74375,23.97871
17.08.2025,24.25125,3.78630,24.25125
18.08.2025,34.70159,5.41789,34.70159
19.08.2025,33.39965,5.21462,33.39965
20.08.2025,14.68781,2.29318,14.68781
21.08.2025,7.28611,1.13757,7.28611
22.08.2025,26.40550,4.12264,26.40550
23.08.2025,14.58315,2.27684,14.58315
24.08.2025,33.02629,5.15633,33.02629
25.08.2025,34.30062,5.35529,34.30062
26.08.2025,32.58049,5.08673,32.58049
27.08.2025,22.45573,3.50597,22.45573
28.08.2025,4.87290,0.76080,4.87290
29.08.2025,23.27729,3.63424,23.27729
30.08.2025,24.01470,3.74937,24.01470
31.08.2025,34.38359,5.36824,34.38359
01.09.2025,11.70612,1.82765,11.70612
02.09.2025,25.25367,3.94281,25.25367
03.09.2025,26.88370,4.19730,26.88370
04.09.2025,19.10169,2.98231,19.10169
05.09.2025,15.72780,2.45555,15.72780
06.09.2025,34.43890,5.37688,34.43890
07.09.2025,27.48242,4.29078,27.48242
08.09.2025,15.14110,2.36395,15.14110
09.09.2025,11.28378,1.76171,11.28378
10.09.2025,17.68548,2.76120,17.68548
11.09.2025,4.79420,0.74851,4.79420
12.09.2025,4.99823,0.78036,4.99823
13.09.2025,23.49092,3.66759,23.49092
14.09.2025,24.36690,3.80436,24.36690
15.09.2025,30.85042,4.81662,30.85042
16.09.2025,9.29778,1.45164,9.29778
17.09.2025,26.05536,4.06797,26.05536
18.09.2025,31.91442,4.98274,31.91442
19.09.2025,31.84634,4.97211,31.84634
20.09.2025,31.07974,4.85242,31.07974
21.09.2025,20.88534,3.26079,20.88534
22.09.2025,5.64940,0.88203,5.64940
23.09.2025,10.25260,1.60072,10.25260
24.09.2025,3.81361,0.59541,3.81361
25.09.2025,10.17324,1.58833,10.17324
26.09.2025,12.25074,1.91268,12.25074
27.09.2025,12.45829,1.94509,12.45829
28.09.2025,25.39944,3.96556,25.39944
29.09.2025,22.62207,3.53194,22.62207
30.09.2025,6.73033,1.05079,6.73033
01.10.2025,22.42714,3.50151,22.42714
02.10.2025,30.21028,4.71667,30.21028
03.10.2025,14.24519,2.22407,14.24519
04.10.2025,12.13942,1.89530,12.13942
05.10.2025,7.70388,1.20279,7.70388
06.10.2025,10.65294,1.66322,10.65294
07.10.2025,27.73349,4.32998,27.73349
08.10.2025,10.97638,1.71372,10.97638
09.10.2025,6.70998,1.04762,6.70998
10.10.2025,19.16307,2.99189,19.16307
11.10.2025,16.13233,2.51871,16.13233
12.10.2025,10.97910,1.71415,10.97910
13.10.2025,18.74249,2.92623,18.74249
14.10.2025,4.40107,0.68713,4.40107
15.10.2025,19.17106,2.99314,19.17106
16.10.2025,5.91260,0.92312,5.91260
17.10.2025,5.91566,0.92360,5.91566
18.10.2025,27.12883,4.23557,27.12883
19.10.2025,13.68987,2.13737,13.68987
20.10.2025,4.46076,0.69645,4.46076
21.10.2025,16.36124,2.55445,16.36124
22.10.2025,6.38789,0.99733,6.38789
23.10.2025,3.85372,0.60167,3.85372
24.10.2025,21.03758,3.28456,21.03758
25.10.2025,1.51581,0.23666,1.51581
26.10.2025,3.54757,0.55388,3.54757
27.10.2025,0.79055,0.12343,0.79055
28.10.2025,24.24238,3.78491,24.24238
29.10.2025,20.97483,3.27476,20.97483
30.10.2025,4.36927,0.68217,4.36927
31.10.2025,19.41432,3.03112,19.41432
01.11.2025,8.69084,1.35688,8.69084
02.11.2025,1.27665,0.19932,1.27665
03.11.2025,17.47601,2.72850,17.47601
04.11.2025,25.18542,3.93215,25.18542
05.11.2025,23.98964,3.74546,23.98964
06.11.2025,13.55257,2.11594,13.55257
07.11.2025,10.52703,1.64356,10.52703
08.11.2025,3.72661,0.58183,3.72661
09.11.2025,4.03961,0.63070,4.03961
10.11.2025,11.43118,1.78473,11.43118
11.11.2025,20.82498,3.25136,20.82498
12.11.2025,18.15390,2.83433,18.15390
13.11.2025,19.46952,3.03974,19.46952
14.11.2025,11.22319,1.75225,11.22319
15.11.2025,19.50625,3.04547,19.50625
16.11.2025,2.71093,0.42325,2.71093
17.11.2025,0.44101,0.06885,0.44101
18.11.2025,22.38364,3.49471,22.38364
19.11.2025,11.42834,1.78428,11.42834
20.11.2025,2.51196,0.39219,2.51196
21.11.2025,0.0000,0.0,0.0000
22.11.2025,0.22408,0.03498,0.22408
23.11.2025,0.61253,0.09563,0.61253
24.11.2025,0.19652,0.03068,0.19652
25.11.2025,2.92176,0.45617,2.92176
26.11.2025,0.32079,0.05008,0.32079
27.11.2025,19.73445,3.08110,19.73445
28.11.2025,21.20994,3.31147,21.20994
29.11.2025,12.09686,1.88866,12.09686
30.11.2025,4.06305,0.63436,4.06305
01.12.2025,5.45530,0.85172,5.45530
02.12.2025,16.53632,2.58178,16.53632
03.12.2025,3.14096,0.49039,3.14096
04.12.2025,2.66166,0.41556,2.66166
05.12.2025,5.86990,0.91646,5.86990
06.12.2025,4.72509,0.73772,4.72509
07.12.2025,2.08102,0.32491,2.08102
08.12.2025,9.48989,1.48164,9.48989
09.12.2025,18.43322,2.87794,18.43322
10.12.2025,17.09344,2.66877,17.09344
11.12.2025,3.71496,0.58001,3.71496
12.12.2025,17.75809,2.77254,17.75809
13.12.2025,13.65796,2.13239,13.65796
14.12.2025,4.03496,0.62997,4.03496
15.12.2025,1.92146,0.29999,1.92146
16.12.2025,1.74406,0.27230,1.74406
17.12.2025,7.36688,1.15018,7.36688
18.12.2025,16.78318,2.62032,16.78318
19.12.2025,2.49824,0.39005,2.49824
20.12.2025,13.75584,2.14767,13.75584
21.12.2025,1.42282,0.22214,1.42282
22.12.2025,3.07829,0.48061,3.07829
23.12.2025,2.78667,0.43508,2.78667
24.12.2025,0.12740,0.01989,0.12740
25.12.2025,16.12472,2.51752,16.12472
26.12.2025,7.82312,1.22141,7.82312
27.12.2025,4.25242,0.66392,4.25242
28.12.2025,2.77021,0.43251,2.77021
29.12.2025,2.88013,0.44967,2.88013
30.12.2025,9.33927,1.45812,9.33927
31.12.2025,19.64970,3.06787,19.64970
